{
  "feature_names": [
    "elo_diff",
    "pts_pct_diff",
    "pythagorean_diff",
    "gf_pg_diff",
    "ga_pg_diff",
    "gd_pg_diff",
    "pp_pct_diff",
    "pk_pct_diff",
    "l10_pts_diff",
    "l5_pts_diff",
    "reg_win_pct_diff",
    "home_split_diff",
    "streak_diff",
    "xgf_pct_diff",
    "cf_pct_diff",
    "pdo_diff",
    "goalie_gsax_diff",
    "rest_days_diff",
    "b2b_home",
    "b2b_away",
    "is_home",
    "log5_prob"
  ],
  "training_seasons": [
    2020,
    2021,
    2022,
    2023,
    2024
  ],
  "n_games": 6113,
  "n_features": 22,
  "cv_results": [
    {
      "test_season": 2023,
      "accuracy": 0.6330769230769231,
      "brier": 0.22649941295517184,
      "log_loss": 0.644308176037056
    },
    {
      "test_season": 2024,
      "accuracy": 0.6360239162929746,
      "brier": 0.22203241637407667,
      "log_loss": 0.6346477953187563,
      "ensemble_accuracy": 0.7234678624813154,
      "ensemble_brier": 0.19381373713820274
    }
  ],
  "feature_importance": {
    "elo_diff": 0.009389410855371696,
    "pts_pct_diff": 0.05797276730376622,
    "pythagorean_diff": -0.6201234096599738,
    "gf_pg_diff": 0.13405518552396808,
    "ga_pg_diff": -0.20346943959127314,
    "gd_pg_diff": 0.21382622605968812,
    "pp_pct_diff": 0.0,
    "pk_pct_diff": 0.0,
    "l10_pts_diff": -0.014034942232190319,
    "l5_pts_diff": -0.02419485377755706,
    "reg_win_pct_diff": -0.04537550052216507,
    "home_split_diff": -0.01812107188513584,
    "streak_diff": -0.021459857879172962,
    "xgf_pct_diff": 0.2504720922384086,
    "cf_pct_diff": 0.2540186401320033,
    "pdo_diff": 0.5436002369284942,
    "goalie_gsax_diff": 0.0,
    "rest_days_diff": 0.0009886705594699978,
    "b2b_home": -0.12197967040721272,
    "b2b_away": 0.14055622257812178,
    "is_home": 0.0,
    "log5_prob": -0.06093298877690722
  },
  "trained_date": "2026-04-07",
  "models": [
    "logistic_regression",
    "xgboost",
    "ensemble_50_50"
  ]
}