{
  "feature_names": [
    "elo_diff",
    "pts_pct_diff",
    "pythagorean_diff",
    "gf_pg_diff",
    "ga_pg_diff",
    "gd_pg_diff",
    "pp_pct_diff",
    "pk_pct_diff",
    "l10_pts_diff",
    "l5_pts_diff",
    "reg_win_pct_diff",
    "home_split_diff",
    "streak_diff",
    "xgf_pct_diff",
    "cf_pct_diff",
    "pdo_diff",
    "goalie_gsax_diff",
    "rest_days_diff",
    "b2b_home",
    "b2b_away",
    "is_home",
    "log5_prob"
  ],
  "training_seasons": [
    2021,
    2022,
    2023,
    2024,
    2025
  ],
  "n_games": 5245,
  "n_features": 22,
  "cv_results": [
    {
      "test_season": 2024,
      "accuracy": 0.6337817638266069,
      "brier": 0.2222021795463527,
      "log_loss": 0.6349572914535537
    },
    {
      "test_season": 2025,
      "accuracy": 0.6334269662921348,
      "brier": 0.2309670559049328,
      "log_loss": 0.6542525725841873,
      "ensemble_accuracy": 0.702247191011236,
      "ensemble_brier": 0.2007143050960757
    }
  ],
  "feature_importance": {
    "elo_diff": 0.005506494953363354,
    "pts_pct_diff": 0.09197354370056798,
    "pythagorean_diff": -0.5581597571800503,
    "gf_pg_diff": 0.11180420449448189,
    "ga_pg_diff": -0.2074879115826512,
    "gd_pg_diff": 0.2049883401159971,
    "pp_pct_diff": 0.0,
    "pk_pct_diff": 0.0,
    "l10_pts_diff": -0.006851580732983775,
    "l5_pts_diff": -0.07029648533219171,
    "reg_win_pct_diff": -0.04794753247874849,
    "home_split_diff": -0.022265180824788344,
    "streak_diff": -0.0057823402238020745,
    "xgf_pct_diff": 0.267649999380985,
    "cf_pct_diff": 0.23543163289516045,
    "pdo_diff": 0.5251207980729619,
    "goalie_gsax_diff": 0.0,
    "rest_days_diff": -0.025360597621490576,
    "b2b_home": -0.12224604692568737,
    "b2b_away": 0.1363660478110575,
    "is_home": 0.0,
    "log5_prob": -0.07398176696743441
  },
  "trained_date": "2026-04-13",
  "models": [
    "logistic_regression",
    "xgboost",
    "ensemble_50_50"
  ]
}