{
  "feature_names": [
    "elo_diff",
    "pts_pct_diff",
    "pythagorean_diff",
    "gf_pg_diff",
    "ga_pg_diff",
    "gd_pg_diff",
    "pp_pct_diff",
    "pk_pct_diff",
    "l10_pts_diff",
    "l5_pts_diff",
    "reg_win_pct_diff",
    "home_split_diff",
    "streak_diff",
    "xgf_pct_diff",
    "cf_pct_diff",
    "pdo_diff",
    "goalie_gsax_diff",
    "rest_days_diff",
    "b2b_home",
    "b2b_away",
    "is_home",
    "log5_prob"
  ],
  "training_seasons": [
    2021,
    2022,
    2023,
    2024,
    2025
  ],
  "n_games": 5245,
  "n_features": 22,
  "cv_results": [
    {
      "test_season": 2024,
      "accuracy": 0.6360239162929746,
      "brier": 0.22227620071703308,
      "log_loss": 0.635182161007413
    },
    {
      "test_season": 2025,
      "accuracy": 0.6292134831460674,
      "brier": 0.23087042278918948,
      "log_loss": 0.6540319834950982,
      "ensemble_accuracy": 0.6966292134831461,
      "ensemble_brier": 0.2002880542458377
    }
  ],
  "feature_importance": {
    "elo_diff": 0.004513319484505179,
    "pts_pct_diff": 0.0881008544394921,
    "pythagorean_diff": -0.547059366760129,
    "gf_pg_diff": 0.11553147668199817,
    "ga_pg_diff": -0.19930247072247528,
    "gd_pg_diff": 0.20211961770871723,
    "pp_pct_diff": 0.0,
    "pk_pct_diff": 0.0,
    "l10_pts_diff": -0.0049308311407942045,
    "l5_pts_diff": -0.07012492480499959,
    "reg_win_pct_diff": -0.051737285253240756,
    "home_split_diff": -0.0226977671496206,
    "streak_diff": -0.005778800208187114,
    "xgf_pct_diff": 0.27978748914280493,
    "cf_pct_diff": 0.22302916496002526,
    "pdo_diff": 0.5014088809611291,
    "goalie_gsax_diff": 0.034024459967084295,
    "rest_days_diff": -0.023670868992595052,
    "b2b_home": -0.12288204324853023,
    "b2b_away": 0.13645713252938377,
    "is_home": 0.0,
    "log5_prob": -0.07339038907271334
  },
  "trained_date": "2026-06-01",
  "models": [
    "logistic_regression",
    "xgboost",
    "ensemble_50_50"
  ]
}