{
  "feature_names": [
    "elo_diff",
    "pts_pct_diff",
    "pythagorean_diff",
    "gf_pg_diff",
    "ga_pg_diff",
    "gd_pg_diff",
    "pp_pct_diff",
    "pk_pct_diff",
    "l10_pts_diff",
    "l5_pts_diff",
    "reg_win_pct_diff",
    "home_split_diff",
    "streak_diff",
    "xgf_pct_diff",
    "cf_pct_diff",
    "pdo_diff",
    "goalie_gsax_diff",
    "rest_days_diff",
    "b2b_home",
    "b2b_away",
    "is_home",
    "log5_prob"
  ],
  "training_seasons": [
    2021,
    2022,
    2023,
    2024,
    2025
  ],
  "n_games": 5245,
  "n_features": 22,
  "cv_results": [
    {
      "test_season": 2024,
      "accuracy": 0.6360239162929746,
      "brier": 0.22227620071703313,
      "log_loss": 0.635182161007413
    },
    {
      "test_season": 2025,
      "accuracy": 0.6292134831460674,
      "brier": 0.23087042278918918,
      "log_loss": 0.6540319834950974,
      "ensemble_accuracy": 0.7064606741573034,
      "ensemble_brier": 0.20124032462250493
    }
  ],
  "feature_importance": {
    "elo_diff": 0.00451331948451357,
    "pts_pct_diff": 0.08810085443951779,
    "pythagorean_diff": -0.5470593667601283,
    "gf_pg_diff": 0.11553147668199686,
    "ga_pg_diff": -0.1993024707224717,
    "gd_pg_diff": 0.20211961770871398,
    "pp_pct_diff": 0.0,
    "pk_pct_diff": 0.0,
    "l10_pts_diff": -0.004930831140809942,
    "l5_pts_diff": -0.07012492480500347,
    "reg_win_pct_diff": -0.05173728525324352,
    "home_split_diff": -0.022697767149619817,
    "streak_diff": -0.005778800208187213,
    "xgf_pct_diff": 0.2797874891428129,
    "cf_pct_diff": 0.22302916496001018,
    "pdo_diff": 0.5014088809611237,
    "goalie_gsax_diff": 0.034024459967088166,
    "rest_days_diff": -0.023670868992593335,
    "b2b_home": -0.12288204324852599,
    "b2b_away": 0.13645713252938513,
    "is_home": 0.0,
    "log5_prob": -0.07339038907271365
  },
  "trained_date": "2026-04-17",
  "models": [
    "logistic_regression",
    "xgboost",
    "ensemble_50_50"
  ]
}