{
  "intercept": 0.11845136219412758,
  "coefficients": [
    0.0,
    0.0,
    0.0,
    0.0,
    0.0,
    0.02006783287965163,
    0.0,
    -0.06419858257427874
  ],
  "feature_names": [
    "elo_diff",
    "win_pct_diff",
    "gpg_diff",
    "gapg_diff",
    "pt_pct_diff",
    "series_game_num",
    "series_deficit",
    "is_elimination_game"
  ]
}