{
  "mean": [
    0.0,
    0.0,
    0.0,
    0.0,
    0.0,
    93.60894660894661,
    0.0,
    0.011544011544011544
  ],
  "scale": [
    1.0,
    1.0,
    1.0,
    1.0,
    1.0,
    57.6596350407439,
    1.0,
    0.1068210997017128
  ],
  "feature_names": [
    "elo_diff",
    "win_pct_diff",
    "gpg_diff",
    "gapg_diff",
    "pt_pct_diff",
    "series_game_num",
    "series_deficit",
    "is_elimination_game"
  ]
}